DestinationPath;ContentType;IndboArea;Kategori;LBInfo;LBTeaser
(a) Grundlaget for Den Gode Indboskadebehandler - Den Gode Indbotaksator.aspx;IndboManual;;Den Gode Indboskadebehandler - Den Gode Indbotaksator;;
(a) Medlem til sagsbehandler.aspx;IndboManual;Hvilke oplysninger skal noteres på f2;Den Gode Indboskadebehandler - Den Gode Indbotaksator;;
(a) Sagsbehandler til sagsbehandler.aspx;IndboManual;Skadeårsag er dækket - Done-in-one;Den Gode Indboskadebehandler - Den Gode Indbotaksator;;
(b) Sagsbehandler til sagsbehandler.aspx;IndboManual;Skadeårsag er dækket - Erstatning opgøres delvist. Vi mangler oplysninger om enkelte eller flere genstande for at tage stilling til dækning eller erstatningens størrelse;Den Gode Indboskadebehandler - Den Gode Indbotaksator;;
(c) Sagsbehandler til sagsbehandler.aspx;IndboManual;Skadeårsag er dækket - Vi mangler oplysninger om de skaderamte genstande for at tage stilling til dækning eller erstatningens størrelse;Den Gode Indboskadebehandler - Den Gode Indbotaksator;;
(d) Sagsbehandler til sagsbehandler.aspx;IndboManual;Vi ved ikke om skadeårsag er dækket;Den Gode Indboskadebehandler - Den Gode Indbotaksator;;
(e) Sagsbehandler til sagsbehandler.aspx;IndboManual;Er medlem orienteret om;Den Gode Indboskadebehandler - Den Gode Indbotaksator;;
(f) Sagsbehandler til sagsbehandler.aspx;IndboManual;Tag altid stilling til og noter på F2 hvis relevant;Den Gode Indboskadebehandler - Den Gode Indbotaksator;;
(g) Sagsbehandler til sagsbehandler.aspx;IndboManual;Skadeårsag er ikke dækket;Den Gode Indboskadebehandler - Den Gode Indbotaksator;;
A conto-betaling.aspx;IndboManual;;Erstatningsopgørelse;;
Advokatomkostninger.aspx;IndboManual;;Erstatningsopgørelse;;
Afdragsordninger.aspx;IndboManual;;Forretningsgang;;
Aflastningsbørn.aspx;IndboManual;;Vilkårenes afsnit 1.B. Hvem dækker forsikringen;;Aflastningsbørn er ikke omfattet af den sikrede personkreds.
Aflåst cykel glemt i tog.aspx;IndboManual;;Vilkårenes afsnit 4. Simpelt tyveri - Generelt;;Vi dækker tyveri af en aflåst cykel, der bliver glemt i tog, under forudsætning af, at medlem har gjort, hvad de kan for at få cyklen tilbage
Afskrivning - briller og solbriller.aspx;IndboManual;;Erstatningsopgørelse;;
Afskrivning - el-skade i hårde hvidevarer.aspx;IndboManual;;Erstatningsopgørelse;;
Afskrivning - kamera.aspx;IndboManual;;Erstatningsopgørelse;;
Afskrivning på bådmotorer og gummibåde.aspx;IndboManual;;Erstatningsopgørelse;;
Afskrivning på cykler og cykeldele.aspx;IndboManual;;Erstatningsopgørelse;;
Afskrivning.aspx;IndboManual;;Erstatningsopgørelse;;
Afskrivningstabel.aspx;IndboManual;;Erstatningsopgørelse;;
Afslutning af sager.aspx;IndboManual;;Forretningsgang;;
Aktindsigt.aspx;IndboManual;;Diverse;;
Akvarier og andre beholdere.aspx;IndboManual;;Vilkårenes afsnit 9. Udstrømning af væsker (Vandskade);;
Almindelige husdyr - Fisk.aspx;IndboManual;;Vilkårenes afsnit 1.F. Hvilke ting dækker forsikringen skader på;;Fisk i akvarier og havebassiner er almindelige husdyr.
Andelshavere er ikke lejere.aspx;IndboManual;;Vilkårenes afsnit 11. Vandskade;;
Ankenævnskendelser vedrørende 4-hjulede motordrevne hobbymotorcykler - fx Atv'er.aspx;IndboManual;;Ankenævnskendelser og domme;;
Ankenævnskendelser vedrørende advokatomkostninger.aspx;IndboManual;;Ankenævnskendelser og domme;;
Ankenævnskendelser vedrørende almindelige husdyr.aspx;IndboManual;;Ankenævnskendelser og domme;;
Ankenævnskendelser vedrørende almindeligt værktøj - professionelt værktøj.aspx;IndboManual;;Ankenævnskendelser og domme;;
Ankenævnskendelser vedrørende auktionspriser.aspx;IndboManual;;Ankenævnskendelser og domme;;
Ankenævnskendelser vedrørende beboet - ikke beboet sommerhus og campingvogn.aspx;IndboManual;;Ankenævnskendelser og domme;;
Ankenævnskendelser vedrørende brug af tillistede - fundne nøgler.aspx;IndboManual;;Ankenævnskendelser og domme;;
Ankenævnskendelser vedrørende byggematerialer.aspx;IndboManual;;Ankenævnskendelser og domme;;
Ankenævnskendelser vedrørende depositum irregulare - opbevaring af andres penge.aspx;IndboManual;;Ankenævnskendelser og domme;;
Ankenævnskendelser vedrørende depositum regulare.aspx;IndboManual;;Ankenævnskendelser og domme;;
Ankenævnskendelser vedrørende dokumentation for erstatningskravet.aspx;IndboManual;;Ankenævnskendelser og domme;;
Ankenævnskendelser vedrørende egne produktioner.aspx;IndboManual;;Ankenævnskendelser og domme;;
Ankenævnskendelser vedrørende erstatning for unika.aspx;IndboManual;;Ankenævnskendelser og domme;;
Ankenævnskendelser vedrørende fareforøgelse.aspx;IndboManual;;Ankenævnskendelser og domme;;
Ankenævnskendelser vedrørende forsvarlig aflåsning.aspx;IndboManual;;Ankenævnskendelser og domme;;
Ankenævnskendelser vedrørende færdselsuheld.aspx;IndboManual;;Ankenævnskendelser og domme;;
Ankenævnskendelser vedrørende genlevering.aspx;IndboManual;;Ankenævnskendelser og domme;;
Ankenævnskendelser vedrørende glemte, tabte og forlagte genstande.aspx;IndboManual;;Ankenævnskendelser og domme;;
Ankenævnskendelser vedrørende grov uagtsomhed. Simpelt tyveri udenfor bygning og uaflåst bygning.aspx;IndboManual;;Ankenævnskendelser og domme;;
Ankenævnskendelser vedrørende grov uagtsomhed. Tyveri fra biler.aspx;IndboManual;;Ankenævnskendelser og domme;;
Ankenævnskendelser vedrørende haveredskaber, herunder en atv, som haveredskab.aspx;IndboManual;;Ankenævnskendelser og domme;;
Ankenævnskendelser vedrørende hærværk begået af personer med lovlig adgang.aspx;IndboManual;;Ankenævnskendelser og domme;;
Ankenævnskendelser vedrørende hærværk.aspx;IndboManual;;Ankenævnskendelser og domme;;
Ankenævnskendelser vedrørende Indbogenstande - erhvervsgenstande.aspx;IndboManual;;Ankenævnskendelser og domme;;
Ankenævnskendelser vedrørende midlertidigt hjemmeboende børn.aspx;IndboManual;;Ankenævnskendelser og domme;;
Ankenævnskendelser vedrørende midlertidigt uden for forsikringsstedet.aspx;IndboManual;;Ankenævnskendelser og domme;;
Ankenævnskendelser vedrørende musikudstyr til privat eller erhvervsmæssig brug.aspx;IndboManual;;Ankenævnskendelser og domme;;
Ankenævnskendelser vedrørende nedsat nytteværdi.aspx;IndboManual;;Ankenævnskendelser og domme;;
Ankenævnskendelser vedrørende opmagasinering.aspx;IndboManual;;Ankenævnskendelser og domme;;
Ankenævnskendelser vedrørende pc'er, kameraudstyr til privat eller erhvervsmæssig brug.aspx;IndboManual;;Ankenævnskendelser og domme;;
Ankenævnskendelser vedrørende pludselig skade - Pludseligheds kriteriet.aspx;IndboManual;;Ankenævnskendelser og domme;;
Ankenævnskendelser vedrørende pludselig skader - spild af væsker.aspx;IndboManual;;Ankenævnskendelser og domme;;
Ankenævnskendelser vedrørende pludselige skader - bortkomst eller beskadigelse.aspx;IndboManual;;Ankenævnskendelser og domme;;
Ankenævnskendelser vedrørende private- contra erhvervspenge.aspx;IndboManual;;Ankenævnskendelser og domme;;
Ankenævnskendelser vedrørende ran - gerningsøjeblikket og bemærket særlige omstændigheder.aspx;IndboManual;;Ankenævnskendelser og domme;;
Ankenævnskendelser vedrørende ran - grov uagtsomhed.aspx;IndboManual;;Ankenævnskendelser og domme;;
Ankenævnskendelser vedrørende ran - umiddelbar nærhed.aspx;IndboManual;;Ankenævnskendelser og domme;;
Ankenævnskendelser vedrørende reparation og godtgørelse for værdiforringelse.aspx;IndboManual;;Ankenævnskendelser og domme;;
Ankenævnskendelser vedrørende sandsynliggørelse af skadebegivenhed.aspx;IndboManual;;Ankenævnskendelser og domme;;
Ankenævnskendelser vedrørende skybrud.aspx;IndboManual;;Ankenævnskendelser og domme;;
Ankenævnskendelser vedrørende særlige private værdigenstande.aspx;IndboManual;;Ankenævnskendelser og domme;;
Ankenævnskendelser vedrørende særligt privat indbo i biler.aspx;IndboManual;;Ankenævnskendelser og domme;;
Ankenævnskendelser vedrørende tilbehør til motordrevne køretøjer.aspx;IndboManual;;Ankenævnskendelser og domme;;
Ankenævnskendelser vedrørende tilbehør til særligt privat indbo.aspx;IndboManual;;Ankenævnskendelser og domme;;
Ankenævnskendelser vedrørende tilsvarende genstande.aspx;IndboManual;;Ankenævnskendelser og domme;;
Ankenævnskendelser vedrørende tricktyveri.aspx;IndboManual;;Ankenævnskendelser og domme;;
Ankenævnskendelser vedrørende tyveri af arbejdsredskaber.aspx;IndboManual;;Ankenævnskendelser og domme;;
Ankenævnskendelser vedrørende tyveri af genstande fra garderober - tyveri af garderobebevis.aspx;IndboManual;;Ankenævnskendelser og domme;;
Ankenævnskendelser vedrørende tyveri begået af medhjælp.aspx;IndboManual;;Ankenævnskendelser og domme;;
Ankenævnskendelser vedrørende tyveri fra bil ved brug af rette nøgle.aspx;IndboManual;;Ankenævnskendelser og domme;;
Ankenævnskendelser vedrørende tyveri fra bil, bus, beboelsesvogne mm, hvor medlem er til stede.aspx;IndboManual;;Ankenævnskendelser og domme;;
Ankenævnskendelser vedrørende tyveri fra bolig, hvor medlem ikke har været hjemme på tyveritidspunktet.aspx;IndboManual;;Ankenævnskendelser og domme;;
Ankenævnskendelser vedrørende tyveri, hvor gerningstidspunktet strækker sig over flere måneder.aspx;IndboManual;;Ankenævnskendelser og domme;;
Ankenævnskendelser vedrørende tyveri, når der har været håndværkere i huset.aspx;IndboManual;;Ankenævnskendelser og domme;;
Ankenævnskendelser vedrørende tøbrud.aspx;IndboManual;;Ankenævnskendelser og domme;;
Ankenævnskendelser vedrørende ulovlig interesse.aspx;IndboManual;;Ankenævnskendelser og domme;;
Ankenævnskendelser vedrørende underforsikring.aspx;IndboManual;;Ankenævnskendelser og domme;;
Ankenævnskendelser vedrørende varer på prøve.aspx;IndboManual;;Ankenævnskendelser og domme;;
Ankenævnskendelser vedrørende ændret forklaring.aspx;IndboManual;;Ankenævnskendelser og domme;;
Arepa - Forretningsgang for IPhone, IPad og Applewatch der sendes til reparation eller swap hos Arepa.aspx;IndboManual;;Forretningsgang;;
Arepa.aspx;IndboManual;;Diverse;;
Asbestslam - asbeststøv.aspx;IndboManual;;Vilkårenes afsnit 18. Pludselig skade;;
Autostole.aspx;IndboManual;;Vilkårenes afsnit 1.F. Hvilke ting dækker forsikringen skader på;;"Babyautostole er omfattet af indboforsikringen 
Øvrige autostole - og selepuder er omfattet af indboforsikringen når medlem ikke har bil"
Batterier, løsdele og tilbehør.aspx;IndboManual;;Vilkårenes afsnit 19. El-skade og elektronikdækning;;
Beboet - ikke beboet sommerhuse og campingvogne.aspx;IndboManual;;Vilkårenes afsnit 5. Simpelt tyveri - Bil mv.;;
Begrebet færdselsuheld.aspx;IndboManual;;Vilkårenes afsnit 7. Færdselsuheld og havari;;
Begrebet Husforsikring.aspx;IndboManual;;Vilkårenes afsnit 11. Vandskade;;
Behandling af fundne genstande og beskadigede genstande, som vi beder om at få indsendt.aspx;IndboManual;;Forretningsgang;;
Behandling af stormskader.aspx;IndboManual;;Vilkårenes afsnit 10. Storm - voldsomt sky- og tøbrud - snetryk;;
Beregning af dobbeltforsikringskrav fra elektronikforsikringer, når rester er fratrukket i kravet.aspx;IndboManual;;Erstatningsopgørelse;;
Beregning af en frysers kapacitet.aspx;IndboManual;;Vilkårenes afsnit 12. Køle- og dybfrostskade;;
Besvarelse i klagesager.aspx;IndboManual;;Forretningsgang;;
Betaling for nedtagning, levering, opsætning, montering og installering.aspx;IndboManual;;Erstatningsopgørelse;;
Biblioteksbøger, cd'er, dvd'er lånt på biblioteket.aspx;IndboManual;;Erstatningsopgørelse;;
Bitcoin.aspx;IndboManual;;Vilkårenes afsnit 1.F. Hvilke ting dækker forsikringen skader på;;Bitcoins er ikke omfattet af indboforsikringen
Blæseskader.aspx;IndboManual;;Vilkårenes afsnit 18. Pludselig skade;;
Bofælle.aspx;IndboManual;;Vilkårenes afsnit 1.B. Hvem dækker forsikringen;;1 bofælle er omfattet af medlems indboforsikring, hvis medlem er indforstået med, at bofællen belaster medlems forsikring ved skader.
Boligbyt - hærværk i boligen.aspx;IndboManual;;Vilkårenes afsnit 8. Hærværk;;
Bortkomst af rejsegods der sendes med fly.aspx;IndboManual;;Vilkårenes afsnit 13. Rejsegods;;
Brand - Flammedannelsen skal være løssluppen.aspx;IndboManual;;Vilkårenes afsnit 2. Brand, lynnedslag og eksplosion mv.;;Genstande, der bliver tabt eller ved en fejl smidt ind i et havebål, pejs, halmfyr eller pillefyr er ikke en dækningsberettigende brandskade
Brand opstået i batterier til modelfly.aspx;IndboManual;;Vilkårenes afsnit 2. Brand, lynnedslag og eksplosion mv.;;Ved brand opstået i et flybatteri til modelfly skal vi være opmærksomme på evt. regresmulighed eller om medlem har udvist grov uagtsomhed i forhold til opladning af batteriet
Brobizz.aspx;IndboManual;;Vilkårenes afsnit 1.F. Hvilke ting dækker forsikringen skader på;;En brobizz er biltilbehør og ikke omfattet af indboforsikringen.
Brud.aspx;IndboManual;;Vilkårenes afsnit 20. Glas og sanitet;;
Brudekjoler og vielsesringe.aspx;IndboManual;;Erstatningsopgørelse;;
Brygudstyr og andre indbogenstande til hobbybrug.aspx;IndboManual;;Vilkårenes afsnit 1.F. Hvilke ting dækker forsikringen skader på;;Større samlinger af indbogenstande, som hobby, er omfattet af indboforsikringen
Bygge- og reparationsarbejder.aspx;IndboManual;;Vilkårenes afsnit 9. Udstrømning af væsker (Vandskade);;
Byggerester.aspx;IndboManual;;Vilkårenes afsnit 1.F. Hvilke ting dækker forsikringen skader på;;Mindre mængde byggerester, som fx. ekstra tagsten, fliser ol. er omfattet af indboforsikringen
Bygningsdele, som medlem som ejer eller lejer selv installerer i lejet hus, lejlighed, andels,- eller ejerlejlighed.aspx;IndboManual;;Vilkårenes afsnit 1.F. Hvilke ting dækker forsikringen skader på;;Bygningsdele som medlem selv installerer (fx. nedsænkede lofter, gulvbelægninger mm) i en lejet bolig, andels - eller ejerlejlighed er omfattet af Indboforsikringen, som almindeligt privat indbo, hvis bygningsdelen monteres ovenpå en anden bygningsdel og Bygningsforsikringen ikke dækker.
Båd og bådmotor.aspx;IndboManual;;Vilkårenes afsnit 1.F. Hvilke ting dækker forsikringen skader på;;
Både ved sommerhus.aspx;IndboManual;;Sommerhusforsikringen;;
Bådtrailer.aspx;IndboManual;;Vilkårenes afsnit 1.F. Hvilke ting dækker forsikringen skader på;;Bådtrailer uden nummerplade er omfattet af indboforsikringen, når den er tilbehør til en både på under 6 meter
Bøger - skønlitteratur og faglitteratur.aspx;IndboManual;;Erstatningsopgørelse;;
Campingvogn - tyveri af kontanter.aspx;IndboManual;;Erstatningsopgørelse;;
Cd'er, dvd'er, vhs-bånd. lp-plader.aspx;IndboManual;;Erstatningsopgørelse;;
Chip til spillekonsol - Lovlig interesse.aspx;IndboManual;;Vilkårenes afsnit 1.F. Hvilke ting dækker forsikringen skader på;;Chip til spillekonsol er omfattet af indboforsikringen
Computerprogrammer - Ulovlig interesse.aspx;IndboManual;;Vilkårenes afsnit 1.F. Hvilke ting dækker forsikringen skader på;;Software som medlem ikke har licens til, er ikke omfattet af indboforsikringen
Cover til mobiler, tablets og pc'er.aspx;IndboManual;;Erstatningsopgørelse;;
Crosser og pocketbike.aspx;IndboManual;;Vilkårenes afsnit 1.F. Hvilke ting dækker forsikringen skader på;;
Cykel +Skader.aspx;IndboManual;;Vilkårenes afsnit 21. Cykel Plus;;
Cykel - Behandling af tyveri af og skader på cykler.aspx;IndboManual;;Diverse;;
Cykel - Carboncykler - selvrisiko på 5000 kr.aspx;IndboManual;;Vilkårenes afsnit 21. Cykel Plus;;
Cykel - Dyre cykler - dyre hjul - dokumentation.aspx;IndboManual;;Vilkårenes afsnit 21. Cykel Plus;;
Cykel - Kravet om 2 låse under transport.aspx;IndboManual;;Vilkårenes afsnit 21. Cykel Plus;;
Cykel - Kørselsskader og den udvidet kaskodækning.aspx;IndboManual;;Vilkårenes afsnit 21. Cykel Plus;;
Cykel - Reparation af cykelstel i carbon.aspx;IndboManual;;Vilkårenes afsnit 21. Cykel Plus;;
Cykel - Statistikkoder og stelnummer.aspx;IndboManual;;Vilkårenes afsnit 21. Cykel Plus;;
Cykel - Tilpasning.aspx;IndboManual;;Vilkårenes afsnit 21. Cykel Plus;;
Cykel - tyveriforsøg eller hærværk.aspx;IndboManual;;Vilkårenes afsnit 8. Hærværk;;
Cykeltrailer.aspx;IndboManual;;Erstatningsopgørelse;;
Cykeltyveri - stelnummer og låsekrav.aspx;IndboManual;;Erstatningsopgørelse;;
Cykler - Brugte og renoverede.aspx;IndboManual;;Erstatningsopgørelse;;
Cykler - Køb af tilvejekomne cykler.aspx;IndboManual;;Forretningsgang;;
Cykler - Ran.aspx;IndboManual;;Vilkårenes afsnit 6. Ran, røveri og overfald;;
Cykler - Tyveri af cykler - registrering i politiets register.aspx;IndboManual;;Forretningsgang;;
Cykler med hjælpemotor - eldrevne cykler.aspx;IndboManual;;Vilkårenes afsnit 1.F. Hvilke ting dækker forsikringen skader på;;El-cykler opgøres i henhold til indbovilkårenes afskrivningstabel for cykler
Dansk Respo-teknik.aspx;IndboManual;;Vilkårenes afsnit 20. Glas og sanitet;;
Den daglige sagsbehandling - drift.aspx;IndboManual;;Diverse;;
Depositum irregulare - opbevaring af andres penge.aspx;IndboManual;;Vilkårenes afsnit 1.F. Hvilke ting dækker forsikringen skader på;;
Depositum regulare.aspx;IndboManual;;Vilkårenes afsnit 1.F. Hvilke ting dækker forsikringen skader på;;
Designertøj og tasker, herunder ægte - uægte varer - kopivarer.aspx;IndboManual;;Erstatningsopgørelse;;
Destruktion af madvarer.aspx;IndboManual;;Vilkårenes afsnit 12. Køle- og dybfrostskade;;
DFIM.aspx;IndboManual;;Vilkårenes afsnit 7. Færdselsuheld og havari;;
Diktafon.aspx;IndboManual;;Vilkårenes afsnit 1.F. Hvilke ting dækker forsikringen skader på;;
Direkte lynnedslag - Obs evt. bedre dækning iht. El-skade og elektronikdækningen.aspx;IndboManual;;Vilkårenes afsnit 2. Brand, lynnedslag og eksplosion mv.;;"Vi dækker som direkte lynnedslag, når lynet slår ned på forsikringsstedet eller i den elmast, som huset er tilsluttet 
Et direkte lynneslag efterlader synlige spor/skade på det sted, hvor lynet slår ned."
Dobbeltforsikring - opsigelse.aspx;IndboManual;;Forretningsgang;;
Dobbeltforsikring for delebørn.aspx;IndboManual;;Vilkårenes afsnit 1.B. Hvem dækker forsikringen;;Delebørn er omfattet af begge forældres forsikring
Dobbeltforsikring i henhold til FALs §§ 41-43.aspx;IndboManual;;Erstatningsopgørelse;;"FAL's §§ 41-43 gælder i alle tilfælde, hvor to eller flere forsikringsselskaber har dækning for samme genstand og skadeårsag
FAL §§ 41-43 gælder ikke i forhold til os selv"
Dobbeltforsikringskrav, hvor vores medlem ikke ønsker at anmelde skaden.aspx;IndboManual;;Erstatningsopgørelse;;Hvis vi modtager et dobbeltforsikringskrav fra et andet selskab, bliver vi nødt til at behandle dette krav, uanset om vores medlem ønsker at anmelde skaden til os.
Dokumentation - hvornår beder vi om dokumentation.aspx;IndboManual;;Erstatningsopgørelse;;
Dokumentation - Søgning af informationer på fotos.aspx;IndboManual;;Erstatningsopgørelse;;
Dokumentation for kontanter.aspx;IndboManual;;Erstatningsopgørelse;;
Dokumentation.aspx;IndboManual;;Erstatningsopgørelse;;
Drivhus og væksthus på lejet grund, ved andelsboliger og embedsboliger.aspx;IndboManual;;Vilkårenes afsnit 1.F. Hvilke ting dækker forsikringen skader på;;
Dusør - findeløn.aspx;IndboManual;;Erstatningsopgørelse;;
Dybfrostskader og el-skader sket under storm.aspx;IndboManual;;Vilkårenes afsnit 10. Storm - voldsomt sky- og tøbrud - snetryk;;
Dyr.aspx;IndboManual;;Erstatningsopgørelse;;
Dyre ure - Ægthedsbeviser.aspx;IndboManual;;Erstatningsopgørelse;;
Dækning af rejsegods.aspx;IndboManual;;Vilkårenes afsnit 13. Rejsegods;;
Dækning af særligt privat indbo og elektriske apparater i henhold til sommerhusvilkårene.aspx;IndboManual;;Sommerhusforsikringen;;
Dækning i øvelokaler, på arbejdspladser, i hestepensioner og sportsklubber.aspx;IndboManual;;Vilkårenes afsnit 1.C. Hvor dækker forsikringen;;"Indbogenstande der permanent er anbragt disse steder. Dvs. i mere end 12 mdr. er dækket.   
vilkårenes undtagelsesbestemmelse for særligt privat indbo gælder på disse steder, hvis stedet er et loft- eller kælderrum i etagebyggeri, udhus eller garage"
Dækning ophører efter 3 måneder - udeboende børn der fylder 21 år.aspx;IndboManual;;Vilkårenes afsnit 1.B. Hvem dækker forsikringen;;"Indbovilkår 33-5
Dækningen for et udeboende barn eller delebarn ophører den dag, barnet fylder 21 år."
Dækning på 2 adresser.aspx;IndboManual;;Vilkårenes afsnit 1.C. Hvor dækker forsikringen;;Dækning på 2 adresser kun mod et præmietillæg
Eget arbejde.aspx;IndboManual;;Erstatningsopgørelse;;
Eksempler på forældelse.aspx;IndboManual;;Erstatningsopgørelse;;
Eksplosion - fyrværkeri.aspx;IndboManual;;Vilkårenes afsnit 2. Brand, lynnedslag og eksplosion mv.;;Alle skader der sker ved fyrværkeri (raketter, bordbomber mv) er en eksplosion. Dette uanset om det er selve raketten/bordbomben eller kun gløderne fra raketten/bordbomben, der forvolder skaden.
El-løbehjul.aspx;IndboManual;;Vilkårenes afsnit 1.F. Hvilke ting dækker forsikringen skader på;;
El-priser.aspx;IndboManual;;Erstatningsopgørelse;;
El-pærer.aspx;IndboManual;;Vilkårenes afsnit 19. El-skade og elektronikdækning;;
Elektriske genstande bliver udsat for vand.aspx;IndboManual;;Vilkårenes afsnit 19. El-skade og elektronikdækning;;
Elektriske musikinstrumenter.aspx;IndboManual;;Erstatningsopgørelse;;
Elektronikdækningen.aspx;IndboManual;;Vilkårenes afsnit 19. El-skade og elektronikdækning;;
Elektronisk garageåbner - portåbner - fjernbetjening.aspx;IndboManual;;Vilkårenes afsnit 1.F. Hvilke ting dækker forsikringen skader på;;
Emhætte.aspx;IndboManual;;Vilkårenes afsnit 1.F. Hvilke ting dækker forsikringen skader på;;
Erstatning - 50 procent reglen - Indbovilkår 33-4.aspx;IndboManual;;Erstatningsopgørelse;;
Erstatning - Betaling af faktura til håndværker eller medlem.aspx;IndboManual;;Erstatningsopgørelse;;
Erstatning - Drivhuse - Glas i drivhuse.aspx;IndboManual;;Erstatningsopgørelse;;
Erstatning - Hvem kan vi udbetale til.aspx;IndboManual;;Erstatningsopgørelse;;
Erstatning - Renter.aspx;IndboManual;;Erstatningsopgørelse;;
Erstatning - skybrudsskader - Det gode købmandsskab.aspx;IndboManual;;Erstatningsopgørelse;;
Erstatning - Smykker - Anker-, Bismark-, Panser- og Geneveguldkæder.aspx;IndboManual;;Erstatningsopgørelse;;
Erstatning for briller - tilskud fra Danmark.aspx;IndboManual;;Erstatningsopgørelse;;
Erstatning for egne produktioner - hjemmelavede genstande.aspx;IndboManual;;Erstatningsopgørelse;;
Erstatning for el-skade i computerdele.aspx;IndboManual;;Erstatningsopgørelse;;
Erstatning for lejede - leasede genstande.aspx;IndboManual;;Erstatningsopgørelse;;
Erstatning for rengøring.aspx;IndboManual;;Erstatningsopgørelse;;
Erstatning Redning-  og bevaringsudgifter - ingen selvrisiko.aspx;IndboManual;;Erstatningsopgørelse;;
Faktura eller kreditnota til offentlige myndigheder.aspx;IndboManual;;Diverse;;
Falck - Falck postkassen.aspx;IndboManual;;Forretningsgang;;
Fareforøgelse.aspx;IndboManual;;Erstatningsopgørelse;;
Farveloyal - mærkeloyal.aspx;IndboManual;;Erstatningsopgørelse;;
Fastboende medhjælp i husholdningen - udvekslingsstudenter.aspx;IndboManual;;Vilkårenes afsnit 1.B. Hvem dækker forsikringen;;Fastboende medhjælp i husholdningen og udvekslingsstudenter er omfattet af den sikrede personkreds
Fastmonteret.aspx;IndboManual;;Vilkårenes afsnit 20. Glas og sanitet;;
Fastpass - Vejledning til brug af Fastpass.aspx;IndboManual;;Diverse;;
FDM medlemmer der overgår til TRYG.aspx;IndboManual;;Forretningsgang;;
Feriehus eller ferielejlighed – Indbrudstyveri ikke krav om voldeligt opbrud.aspx;IndboManual;;Vilkårenes afsnit 3. Indbrudstyveri;;Kravet om voldeligt opbrud gælder ikke ved tyveri fra et feriehus eller ferielejlighed. Disse steder gælder almindelige krav om forsvarlig aflåsning
Festival-armbånd.aspx;IndboManual;;Vilkårenes afsnit 1.F. Hvilke ting dækker forsikringen skader på;;
Flere erstatninger for samme skade.aspx;IndboManual;;Forretningsgang;;
Flytning - Dækning i både den gamle og den nye bolig.aspx;IndboManual;;Vilkårenes afsnit 1.C. Hvor dækker forsikringen;;Dækningen i 3 mdr. starter fra den faktiske overtagelsesdag. Vi sætter den faktiske overtagelsesdag til den dag, hvor medlem flytter den første genstand til den nye adresse.
Flyttegods - fragtgods - Flytning til udlandet.aspx;IndboManual;;Vilkårenes afsnit 1.C. Hvor dækker forsikringen;;Når medlem flytter fra forsikringsstedet til udlandet er de Kufferter og håndbagage som medlem tager med sig på rejsen, til den nye bolig, at betragte som rejsegods og skal behandles i henhold til indboforsikringens rejsegodsdækning
Fordelingsvejledningen.aspx;IndboManual;;Erstatningsopgørelse;;
Forsikringens ikrafttrædelses- og ophørstidspunkt.aspx;IndboManual;;Diverse;;
Forsikringer og serviceaftaler.aspx;IndboManual;;Erstatningsopgørelse;;
Forsvarlig aflåsning - Københavnerlås.aspx;IndboManual;;Vilkårenes afsnit 3. Indbrudstyveri;;En københavnerlås er som udgangspunkt en forsvarlig aflåsning
Forsvarlig aflåsning, når medlem er hjemme - Indbrud contra simpelt tyveri.aspx;IndboManual;;Vilkårenes afsnit 3. Indbrudstyveri;;Vilkårenes krav om forsvarlig aflåsning er en sikkerhedsforskrift. En sikkerhedsforskrift er kun overtrådt, hvis dette er sket ved en forsømmelse
Forsætligt udsat for ild og varme – skade på selve opvarmningskilden – skade forvoldt af varmepuder.aspx;IndboManual;;Vilkårenes afsnit 2. Brand, lynnedslag og eksplosion mv.;;En genstand er forsætligt udsat for ild og varme når genstanden bevidst anbringes i nærheden af opvarmningskilden
Forældelse.aspx;IndboManual;;Erstatningsopgørelse;;
Forældelsesreglerne vist i forskellige eksempler.aspx;IndboManual;;Erstatningsopgørelse;;
Fremsendelse af Ankenævnskendelser.aspx;IndboManual;;Forretningsgang;;
Frimærker og mønter - samlinger, ubrugte og brugbare.aspx;IndboManual;;Vilkårenes afsnit 1.F. Hvilke ting dækker forsikringen skader på;;
Fritstående radiatorer.aspx;IndboManual;;Vilkårenes afsnit 1.F. Hvilke ting dækker forsikringen skader på;;
Frostsprængning - førstegangs kulancedækning.aspx;IndboManual;;Vilkårenes afsnit 9. Udstrømning af væsker (Vandskade);;"Første gangs kulance-dækning gives i helårsboligen, når medlem har både indbo- og husforsikring hos os. 
Dækningen gives ikke i sommerhuse"
Fuld valuta - udbetaling.aspx;IndboManual;;Forretningsgang;;
Fyringsolie og brænde.aspx;IndboManual;;Vilkårenes afsnit 1.F. Hvilke ting dækker forsikringen skader på;;
Færdselsuheld - flyttegods.aspx;IndboManual;;Vilkårenes afsnit 7. Færdselsuheld og havari;;"Færdselsskade på flyttegods
Vi dækker færdselsskader på flyttegods opstået ved private flytninger. 

Vi afviser færdselsskader på flyttegods, der er overgivet til transport mod betaling."
Færdselsuheld og færdselsloven.aspx;IndboManual;;Vilkårenes afsnit 7. Færdselsuheld og havari;;
Følgeskader efter en dækningsberettigende skade.aspx;IndboManual;;Diverse;;
Følgeskader på husdyr.aspx;IndboManual;;Erstatningsopgørelse;;
følgeudgifter - redningsforanstaltninger.aspx;IndboManual;;Diverse;;
Genhusning - Skader der muligvis medfører genhusning - Storskade.aspx;IndboManual;;Diverse;;
Genhusning.aspx;IndboManual;;Diverse;;
Genhusningsadressen.aspx;IndboManual;;Vilkårenes afsnit 1.C. Hvor dækker forsikringen;;Medlems indbogenstande, der midlertidigt er flyttet med til genhusningsadressen og Indbogenstande på genhusningsadressen, som medlem bærer risikoen for er omfattet af medlems indboforsikring
Genlevering af ting der er købt brugt eller er mere end 2 år gamle - gældende for vilkår 33-4.aspx;IndboManual;;Erstatningsopgørelse;;
Genlevering af ting der er købt brugt eller er mere end 2 år gamle - gældende for vilkår 33-5.aspx;IndboManual;;Erstatningsopgørelse;;
Genlevering eller kontanterstatning.aspx;IndboManual;;Erstatningsopgørelse;;
Genlevering med brugte smykker.aspx;IndboManual;;Erstatningsopgørelse;;
Genlevering og Scalepoint.aspx;IndboManual;;Erstatningsopgørelse;;
Genstande der anvendes i undervisning.aspx;IndboManual;;Vilkårenes afsnit 1.F. Hvilke ting dækker forsikringen skader på;;
Genstande der tilhører arbejdsgiver.aspx;IndboManual;;Vilkårenes afsnit 1.F. Hvilke ting dækker forsikringen skader på;;
Genstande købt gennem bruttolønsordninger.aspx;IndboManual;;Vilkårenes afsnit 1.F. Hvilke ting dækker forsikringen skader på;;
Genstande som helt eller delvist anvendes til erhverv - Privat.aspx;IndboManual;;Vilkårenes afsnit 1.F. Hvilke ting dækker forsikringen skader på;;
Genstande, der forsvinder i forbindelse med ulykker.aspx;IndboManual;;Forretningsgang;;
Gerningsmænd - Forretningsgang for gerningsmandssager.aspx;IndboManual;;Den Gode Indboskadebehandler - Den Gode Indbotaksator - Regres;;
Gerningsmænd - kontakt fra politiet vedrørende gerningsmænd.aspx;IndboManual;;Den Gode Indboskadebehandler - Den Gode Indbotaksator - Regres;;
Glas og sanitetsdækning hos udeboende barn.aspx;IndboManual;;Vilkårenes afsnit 20. Glas og sanitet;;
Glasdækning - ridsede ruder.aspx;IndboManual;;Vilkårenes afsnit 20. Glas og sanitet;;
Glaskeramiske kogeplader.aspx;IndboManual;;Vilkårenes afsnit 20. Glas og sanitet;;
Go-cart.aspx;IndboManual;;Vilkårenes afsnit 1.F. Hvilke ting dækker forsikringen skader på;;
Godkendelse af regninger - hvornår og hvordan.aspx;IndboManual;;Erstatningsopgørelse;;
Gps.aspx;IndboManual;;Vilkårenes afsnit 1.F. Hvilke ting dækker forsikringen skader på;;
Gravering af sølvtøj.aspx;IndboManual;;Erstatningsopgørelse;;
Grov uagtsomhed - Simpelt tyveri af Iphone, pung, tasker og pc'er fra skoler, diskotek mv.aspx;IndboManual;;Vilkårenes afsnit 4. Simpelt tyveri - Generelt;;
Grov uagtsomhed forud for redning og bevaring.aspx;IndboManual;;Diverse;;
Grov uagtsomhed ved simpelt tyveri.aspx;IndboManual;;Vilkårenes afsnit 4. Simpelt tyveri - Generelt;;
Guldure, guldpenne mv.aspx;IndboManual;;Erstatningsopgørelse;;
Gulf Guld.aspx;IndboManual;;Forretningsgang;;
Gulvbelægning - indbo eller bygning.aspx;IndboManual;;Vilkårenes afsnit 1.F. Hvilke ting dækker forsikringen skader på;;
Gulvbelægning i kælder.aspx;IndboManual;;Vilkårenes afsnit 1.F. Hvilke ting dækker forsikringen skader på;;
Har det en konsekvens når medlem ikke overholder det, vi aftaler.aspx;IndboManual;;Forretningsgang;;Vi opkræver ikke allerede udbetalte erstatningsbeløb, når skaden er dækningsberettigende
Havelamper.aspx;IndboManual;;Vilkårenes afsnit 1.F. Hvilke ting dækker forsikringen skader på;;
Hjemmebiograf.aspx;IndboManual;;Vilkårenes afsnit 1.F. Hvilke ting dækker forsikringen skader på;;
Hotelværelse - voldeligt opbrud.aspx;IndboManual;;Vilkårenes afsnit 3. Indbrudstyveri;;"Der gælder et krav om voldeligt opbrud selv om medlem var til stede på hotelværelset under tyveriet. 
Hvis der ikke kan konstateres voldeligt opbrud dækker vi som simpelt tyveri"
Hundesyge - Behandling af hundesyge.aspx;IndboManual;;Forretningsgang;;
Husejere der har tegnet husplus.aspx;IndboManual;;Vilkårenes afsnit 11. Vandskade;;
Hvilke afvisninger skal anlægges.aspx;IndboManual;;Forretningsgang;;
Hårde hvidevarer - Behandling af skader på hårde hvidevarer.aspx;IndboManual;;Forretningsgang;;
Hårde hvidevarer.aspx;IndboManual;;Vilkårenes afsnit 1.F. Hvilke ting dækker forsikringen skader på;;
Høreapparater og andre hjælpemidler.aspx;IndboManual;;Vilkårenes afsnit 1.F. Hvilke ting dækker forsikringen skader på;;
Incassosager.aspx;IndboManual;;Forretningsgang;;
Indbo i sommerhuse som midlertidig befinder sig udenfor sommerhusmatriklen.aspx;IndboManual;;Sommerhusforsikringen;;
Indbogenstande som købes og efterlades på samme rejse.aspx;IndboManual;;Vilkårenes afsnit 13. Rejsegods;;
Indbovilkår 33-4 eller Indbovilkår 33-5.aspx;IndboManual;;Forretningsgang;;
Indbrud - Behandling af bygningsskader ved indbrud.aspx;IndboManual;;Forretningsgang;;
Indbrud - Behandling af indbrud.aspx;IndboManual;;Forretningsgang;;
Indbrudstyveri - Bankenøgle.aspx;IndboManual;;Vilkårenes afsnit 3. Indbrudstyveri;;Forudsætningen for dækning som indbrudstyveri er, at aflåsningsforholdene kan karakteriseres som forsvarlige
Indbrudstyveri - gennem lukkede og tilhaspede vinduer.aspx;IndboManual;;Vilkårenes afsnit 3. Indbrudstyveri;;Et vindue i udluftningsposition er væsentlig lettere at åbne og dette kan typisk ske med minimal skade på vinduet til følge. Derfor er et tyveri sket gennem et vindue, der står i udluftningsposition, som udgangspunkt et simpelt tyveri
Indbrudstyveri - Tyveri fra bankbokse og tyveri af nøgle til bankboks.aspx;IndboManual;;Vilkårenes afsnit 3. Indbrudstyveri;;Vi dækker udgiften til udboring af lås i bankboks, hvis nøgle bliver stjålet
Indkøb af affugter - strømforbrug.aspx;IndboManual;;Erstatningsopgørelse;;
Indlæg fra Peter Fynbo - Falske faktura.aspx;IndboManual;;Diverse;;
Informationssøgning.aspx;IndboManual;;Diverse;;
Inkassovarsel.aspx;IndboManual;;Forretningsgang;;
Interessefelt.aspx;IndboManual;;Forretningsgang;;
Interrailkort.aspx;IndboManual;;Vilkårenes afsnit 1.F. Hvilke ting dækker forsikringen skader på;;
Iphones - Garanti - Reklamation - Reparation - Ombytning.aspx;IndboManual;;Erstatningsopgørelse;;
Isbåd.aspx;IndboManual;;Vilkårenes afsnit 1.F. Hvilke ting dækker forsikringen skader på;;
Jagttrofæer.aspx;IndboManual;;Erstatningsopgørelse;;
Karokeanlæg og jukeboks.aspx;IndboManual;;Vilkårenes afsnit 1.F. Hvilke ting dækker forsikringen skader på;;
Kikkert og løse kameraobjektiver - linser - afskrivning.aspx;IndboManual;;Erstatningsopgørelse;;
Kite Buggy.aspx;IndboManual;;Vilkårenes afsnit 1.F. Hvilke ting dækker forsikringen skader på;;
Klageprocedure.aspx;IndboManual;;Forretningsgang;;
Kombiskader.aspx;IndboManual;;Forretningsgang;;
Kommandørkors.aspx;IndboManual;;Vilkårenes afsnit 1.F. Hvilke ting dækker forsikringen skader på;;
Kosmetik.aspx;IndboManual;;Erstatningsopgørelse;;
Krav - Debitorarter ved oprettelse af krav i skadeportalen.aspx;IndboManual;;Forretningsgang;;
Krav - Oprettelse af skadeprovenue.aspx;IndboManual;;Forretningsgang;;"- Skyldner (navn, adresse og forsikringsselskab) skal altid oprettes på sagen
- Når der er udbetalt i sagen (helt eller delvist) skal der oprettes et krav på det beløb, vi retter mod skyldner – og ingen dagbog
- Når der ikke er udbetalt i sagen, skal der ikke oprettes et krav, men der skal oprettes en dagbog, så vi får fulgt op på sagen."
Krav - Rykkerproecedure for krav (ikke selvrisiko).aspx;IndboManual;;Forretningsgang;;
Kriteriet for en pludselig skade.aspx;IndboManual;;Vilkårenes afsnit 18. Pludselig skade;;
Kulanceanmodning.aspx;IndboManual;;Erstatningsopgørelse;;
Kunstgenstande - specialfremstillede genstande - genstande som ikke kan skaffes.aspx;IndboManual;;Erstatningsopgørelse;;
Køb af stjålne genstande.aspx;IndboManual;;Forretningsgang;;
Køb af tilvejekomne effekter.aspx;IndboManual;;Forretningsgang;;
Køb af tilvejekomne smykker eller andre genstande med 1. risikodækning.aspx;IndboManual;;Forretningsgang;;
Køle- og dybfrostskader - skader omfattet af garanti.aspx;IndboManual;;Vilkårenes afsnit 12. Køle- og dybfrostskade;;
Kørestole.aspx;IndboManual;;Vilkårenes afsnit 1.F. Hvilke ting dækker forsikringen skader på;;
Legehus, gyngestativ og legetårn.aspx;IndboManual;;Vilkårenes afsnit 1.F. Hvilke ting dækker forsikringen skader på;;
Liste over politikredse.aspx;IndboManual;;Diverse;;
Logerende.aspx;IndboManual;;Vilkårenes afsnit 1.B. Hvem dækker forsikringen;;En person betragtes som en logerende, hvis medlem ikke er indforstået med, at personen belaster medlems forsikring ved skader.
Lånte og lejede genstande.aspx;IndboManual;;Vilkårenes afsnit 1.F. Hvilke ting dækker forsikringen skader på;;
Lægetasker.aspx;IndboManual;;Vilkårenes afsnit 1.F. Hvilke ting dækker forsikringen skader på;;
Lærerbøger og undervisningsmateriale, som tilhører medlem.aspx;IndboManual;;Vilkårenes afsnit 1.F. Hvilke ting dækker forsikringen skader på;;
Løbehjul med benzinmotor.aspx;IndboManual;;Vilkårenes afsnit 1.F. Hvilke ting dækker forsikringen skader på;;
Mail - Skriftlig kommunikation med medlem.aspx;IndboManual;;Forretningsgang;;
Mails - Autoarkivering af mails uden kode.aspx;IndboManual;;Forretningsgang;;
Mails - Autosvar på mails - Ikke til stede.aspx;IndboManual;;Diverse;;
Maks. dækning for cykler.aspx;IndboManual;;Erstatningsopgørelse;;
Medarbejdersager.aspx;IndboManual;;Forretningsgang;;
Medicin.aspx;IndboManual;;Vilkårenes afsnit 12. Køle- og dybfrostskade;;
Medlems udlånte indbogenstande, der tages med til udlandet af låner.aspx;IndboManual;;Vilkårenes afsnit 13. Rejsegods;;
Mentech.aspx;IndboManual;;Forretningsgang;;
Midlertidigt anbragt uden for forsikringsstedet.aspx;IndboManual;;Vilkårenes afsnit 1.C. Hvor dækker forsikringen;;Dækningsperioden på 12 måneders midlertidig anbringelse uden for forsikringsstedet begynder forfra hver gang genstanden har været på forsikringsstedet.
Midlertidigt pas.aspx;IndboManual;;Erstatningsopgørelse;;
Misbrug af betalingskort.aspx;IndboManual;;Erstatningsopgørelse;;
Modtagelse af domme til brug for inddrivelse af penge, vi er tilkendt ad rettens vej.aspx;IndboManual;;Forretningsgang;;
Monobuggy - golfvogn.aspx;IndboManual;;Vilkårenes afsnit 1.F. Hvilke ting dækker forsikringen skader på;;
Mortifikation af værdipapirer.aspx;IndboManual;;Vilkårenes afsnit 1.F. Hvilke ting dækker forsikringen skader på;;
Motoriserede haveredskaber, herunder atv'er, som haveredskab.aspx;IndboManual;;Vilkårenes afsnit 1.F. Hvilke ting dækker forsikringen skader på;;
Musikfiler.aspx;IndboManual;;Vilkårenes afsnit 1.F. Hvilke ting dækker forsikringen skader på;;
Nedbør eller smeltevand trænger gennem utætheder i bygningen.aspx;IndboManual;;Vilkårenes afsnit 11. Vandskade;;
Nytteværdi.aspx;IndboManual;;Erstatningsopgørelse;;
Når der sker skade i forbindelse med udbedring af en skade.aspx;IndboManual;;Diverse;;
Nøgle til cykellås.aspx;IndboManual;;Erstatningsopgørelse;;
Offentligt tilgængelige oplysninger på internettet - fx facebook.aspx;IndboManual;;Forretningsgang;;
Omdøbe bilag på workflow.aspx;IndboManual;;Forretningsgang;;
Omstilling af flere låsecylindre på samme dør.aspx;IndboManual;;Erstatningsopgørelse;;
Omstilling af lås i postkasser.aspx;IndboManual;;Erstatningsopgørelse;;
Opbevaring af våben.aspx;IndboManual;;Forretningsgang;;
Opgørelse af dobbeltlforsikringskrav - Hvilke udgifter indgår i et dobbeltforsikringskrav.aspx;IndboManual;;Erstatningsopgørelse;;"Skaden udgør det højeste erstatningsbeløb, som de involverede selskaber ville have opgjort skaden til.
Administrationsomkostninger indgå ikke i kravet."
Opgørelse af erstatningens størrelse i forhold til vilkårenes maksdækning.aspx;IndboManual;;Erstatningsopgørelse;;
Opgørelse når reparation eller værdiforringelse udgør 50 procent af nyværdien.aspx;IndboManual;;Erstatningsopgørelse;;
Oplysninger til andre om medlems skadeforløb.aspx;IndboManual;;Forretningsgang;;
Opmagasinering.aspx;IndboManual;;Vilkårenes afsnit 1.C. Hvor dækker forsikringen;;"Der er ikke tale om opmagasinering når medlem anbringer indbogenstande Fx hjemme hos forældre eller venner. Derfor gælder tidsbegrænsningen på 12 måneder på disse steder.
Vi betragter de godkendte opmagasineringssteder som en helårsbolig."
Opstigende grundvand på lejeres forsikrede ting.aspx;IndboManual;;Vilkårenes afsnit 11. Vandskade;;
Opstigning af grund- og kloakvand.aspx;IndboManual;;Vilkårenes afsnit 9. Udstrømning af væsker (Vandskade);;
Opsætning.aspx;IndboManual;;Vilkårenes afsnit 20. Glas og sanitet;;
Oversigt over, hvilke selskaber der er tiltrådt de forskellige skadeforsikringsaftaler.aspx;IndboManual;;Diverse;;
Parabolantenner.aspx;IndboManual;;Vilkårenes afsnit 1.F. Hvilke ting dækker forsikringen skader på;;
Partytelte og pavilloner.aspx;IndboManual;;Vilkårenes afsnit 1.F. Hvilke ting dækker forsikringen skader på;;
Penge mm.aspx;IndboManual;;Vilkårenes afsnit 1.F. Hvilke ting dækker forsikringen skader på;;
Personfølsomme oplysninger.aspx;IndboManual;;Forretningsgang;;
Plejebørn - når plejebarnet fylder 18 år.aspx;IndboManual;;Vilkårenes afsnit 1.B. Hvem dækker forsikringen;;Plejebørn er fortsat omfattet af den sikrede personkreds, når plejebarnet fylder 18 år og er tilmeldt på medlems folkeregisteradresse
Pludselig skade - Bortkomst eller beskadigelse.aspx;IndboManual;;Vilkårenes afsnit 18. Pludselig skade;;
Pludselig skade - Undtagelsesbestemmelserne almindelig brug og kosmetiske skader.aspx;IndboManual;;Vilkårenes afsnit 18. Pludselig skade;;
Pludselig skade forvoldt af dyr.aspx;IndboManual;;Vilkårenes afsnit 18. Pludselig skade;;
Pludselig skade på cykler.aspx;IndboManual;;Vilkårenes afsnit 18. Pludselig skade;;
Pludselig skade på motoriserede haveredskaber.aspx;IndboManual;;Vilkårenes afsnit 18. Pludselig skade;;
Pludselig tilsodning fra forskriftsmæssigt indrettet anlæg til at opvarme  rum.aspx;IndboManual;;Vilkårenes afsnit 2. Brand, lynnedslag og eksplosion mv.;;"Ved et forskriftsmæssigt indrettet anlæg til at opvarme rum forstås en pejs, brændeovn, pillefyr, brændefyr. 
Tilsodning fra madlavning, lys og olielamper er ikke en sodskade fra et forskriftsmæssigt indrettet anlæg til at opvarme rum"
Politiets journalkoder.aspx;IndboManual;;Diverse;;
Politikredse.aspx;IndboManual;;Diverse;;
Politikvittering - Indhentning af politikvittering.aspx;IndboManual;;Forretningsgang;;
Postkasser.aspx;IndboManual;;Vilkårenes afsnit 1.F. Hvilke ting dækker forsikringen skader på;;
Postnumre inddeling for Indbotaksator på Fyn og Jylland.aspx;IndboManual;;Den Gode Indboskadebehandler - Den Gode Indbotaksator - Taksatorhjælp;;
Postnumre inddeling for Indbotaksator på Sjælland.aspx;IndboManual;;Den Gode Indboskadebehandler - Den Gode Indbotaksator - Taksatorhjælp;;
Private contra erhvervspenge.aspx;IndboManual;;Vilkårenes afsnit 1.F. Hvilke ting dækker forsikringen skader på;;
Proteser.aspx;IndboManual;;Vilkårenes afsnit 1.F. Hvilke ting dækker forsikringen skader på;;
præmieobligation.aspx;IndboManual;;Erstatningsopgørelse;;
Psykisk syge - pludselige skader - hærværk.aspx;IndboManual;;Vilkårenes afsnit 18. Pludselig skade;;
Psykologisk krisehjælp.aspx;IndboManual;;Forretningsgang;;
Punktering.aspx;IndboManual;;Vilkårenes afsnit 20. Glas og sanitet;;
På hvilke rejser er rejsegods dækket.aspx;IndboManual;;Vilkårenes afsnit 13. Rejsegods;;
Radiostyrede modelfly og droner.aspx;IndboManual;;Vilkårenes afsnit 1.F. Hvilke ting dækker forsikringen skader på;;
Ran begrebet.aspx;IndboManual;;Vilkårenes afsnit 6. Ran, røveri og overfald;;
Redning- og bevaringsudgift - Omstilling af låse.aspx;IndboManual;;Diverse;;
Redning- og bevaringsudgift - Tyveri af fjernbetjening til alarm.aspx;IndboManual;;Diverse;;
Redning- og bevaringsudgifter - Betaling på Indbo- eller husforsikring.aspx;IndboManual;;Forretningsgang;;
Registreringsattest.aspx;IndboManual;;Vilkårenes afsnit 1.F. Hvilke ting dækker forsikringen skader på;;
Regres - Bevissikring i sager mod DONG (ØRSTED).aspx;IndboManual;;Den Gode Indboskadebehandler - Den Gode Indbotaksator - Regres;;
Regres - Forældrehæftelse.aspx;IndboManual;;Den Gode Indboskadebehandler - Den Gode Indbotaksator - Regres;;
Regres - Generelt om regresbehandling.aspx;IndboManual;;Den Gode Indboskadebehandler - Den Gode Indbotaksator - Regres;;
Regres - Hvem må lægge en regressag ned.aspx;IndboManual;;Den Gode Indboskadebehandler - Den Gode Indbotaksator - Regres;;
Regres - hvornår gør vi regres.aspx;IndboManual;;Den Gode Indboskadebehandler - Den Gode Indbotaksator - Regres;;
Regres - Kontanterstatning.aspx;IndboManual;;Den Gode Indboskadebehandler - Den Gode Indbotaksator - Regres;;
Regres - Når skaden er forvoldt af pårørende.aspx;IndboManual;;Den Gode Indboskadebehandler - Den Gode Indbotaksator - Regres;;
Regres - Opkrævning af selvrisiko.aspx;IndboManual;;Den Gode Indboskadebehandler - Den Gode Indbotaksator - Regres;;
Regres - Overfor flyselskaber.aspx;IndboManual;;Den Gode Indboskadebehandler - Den Gode Indbotaksator - Regres;;
Regres - Regresnotat.aspx;IndboManual;;Den Gode Indboskadebehandler - Den Gode Indbotaksator - Regres;;
Regres - Rejsegods - Regres overfor flyselskab.aspx;IndboManual;;Den Gode Indboskadebehandler - Den Gode Indbotaksator - Regres;;
Regres - Sager til regresgruppen.aspx;IndboManual;;Den Gode Indboskadebehandler - Den Gode Indbotaksator - Regres;;
Regres - Skade forvoldt af udenlandste biler.aspx;IndboManual;;Den Gode Indboskadebehandler - Den Gode Indbotaksator - Regres;;
Regres i færdselsskadesager.aspx;IndboManual;;Forretningsgang;;
Regresblanket.aspx;IndboManual;;Diverse;;
Regressager.aspx;IndboManual;;Den Gode Indboskadebehandler - Den Gode Indbotaksator - Regres;;
Reklamation overfor håndværkere og samarbejdspartnere.aspx;IndboManual;;Erstatningsopgørelse;;
Reparation af cykler.aspx;IndboManual;;Erstatningsopgørelse;;
Reparation eller totalskade i forhold til 50 procent reglen i indbovilkår 33-4.aspx;IndboManual;;Erstatningsopgørelse;;
Reparationserklæringer - betaling herfor.aspx;IndboManual;;Erstatningsopgørelse;;
Reserveafsættelse i skadesager som forventes at komme til at koste over 1,5 mio.aspx;IndboManual;;Erstatningsopgørelse;;
Reserveafsættelse.aspx;IndboManual;;Erstatningsopgørelse;;
Returnering af genleverede smykker.aspx;IndboManual;;Forretningsgang;;
Risiko - Indberetning af faktiske og mulige tab.aspx;IndboManual;;Diverse;;
Rådgivningsfejl - mangelfuld rådgivning fra tegningskonsulent.aspx;IndboManual;;Forretningsgang;;
Røveri.aspx;IndboManual;;Vilkårenes afsnit 6. Ran, røveri og overfald;;
Sagsbehandler til medlem (a).aspx;IndboManual;Skadeårsag er dækket - Done in one;Den Gode Indboskadebehandler - Den Gode Indbotaksator;;
Sagsbehandler til medlem eller taksator til medlem (b).aspx;IndboManual;Skadeårsag er dækket - Erstatning opgøres delvist. Vi mangler oplysninger om enkelte eller flere genstande for at tage stilling til dækning eller erstatningens størrelse;Den Gode Indboskadebehandler - Den Gode Indbotaksator;;
Sagsbehandler til medlem eller taksator til medlem (c).aspx;IndboManual;Skadeårsag er dækket - Vi mangler oplysninger om de skaderamte genstande for at tage stilling til dækning eller erstatningens størrelse;Den Gode Indboskadebehandler - Den Gode Indbotaksator;;
Sagsbehandler til medlem eller taksator til medlem (d).aspx;IndboManual;Vi ved ikke om skadeårsag er dækket;Den Gode Indboskadebehandler - Den Gode Indbotaksator;;
Sagsbehandler til medlem eller taksator til medlem (e).aspx;IndboManual;Telefonsamtalen afsluttes med;Den Gode Indboskadebehandler - Den Gode Indbotaksator;;
Sagsbehandler til medlem eller taksator til medlem (f).aspx;IndboManual;Skadeårsag er ikke dækket;Den Gode Indboskadebehandler - Den Gode Indbotaksator;;
Sagsbehandler til taksator (a).aspx;IndboManual;Overdragelse af sagen til taksastor;Den Gode Indboskadebehandler - Den Gode Indbotaksator;;
Sagsbehandler til taksator (b).aspx;IndboManual;Hvad skal noteres i SP Byg;Den Gode Indboskadebehandler - Den Gode Indbotaksator;;
Sagsflow.aspx;IndboManual;;Forretningsgang;;
Sanering - Forbehold på policen.aspx;IndboManual;;Diverse;;
Sanering - kontakt til sanering.aspx;IndboManual;;Diverse;;
Scalepoint  - Udbetaling til Scalepoint - Behandling af Kvalitetssager.aspx;IndboManual;;Diverse;;
Scalepoint Løsøre ECC.aspx;IndboManual;;Forretningsgang;;
Scalepoint til bygningsskader.aspx;IndboManual;;Forretningsgang;;
Segway og selvbalancerende køretøjer.aspx;IndboManual;;Vilkårenes afsnit 1.F. Hvilke ting dækker forsikringen skader på;;
Selvrisiko - 1. risikodækning.aspx;IndboManual;;Erstatningsopgørelse;;
Selvrisiko - En skade en selvrisiko.aspx;IndboManual;;Erstatningsopgørelse;;
Selvrisiko - Opkrævning af selvrisiko.aspx;IndboManual;;Forretningsgang;;
Selvrisiko - Pålagt selvrisiko.aspx;IndboManual;;Forretningsgang;;
Selvrisiko - Rabatgivende selvrisiko.aspx;IndboManual;;Forretningsgang;;
Selvrisiko - Rykkerbreve vedrørende manglende indbetaling af selvrisikobeløb.aspx;IndboManual;;Diverse;;
Selvrisiko - Selvrisiko eller afskrivning hvornår gøres det gældende.aspx;IndboManual;;Erstatningsopgørelse;;
Selvrisiko - Sletning af rykkergebyrer ved selvrisikoopkrævninger.aspx;IndboManual;;Forretningsgang;;
Selvrisiko på 5000 kr.aspx;IndboManual;;Vilkårenes afsnit 11. Vandskade;;
Sikker post.aspx;IndboManual;;Diverse;;
Sikret personkreds.aspx;IndboManual;;Vilkårenes afsnit 1.B. Hvem dækker forsikringen;;"Dækket: 
- Hjemmeboende børn (uanset alder) af medlem, samlever eller ægtefælle 
- Hjemmeboende plejebørn (uanset alder) se særlige regler herfor  
- Børn under 21 år, som bor på efterskole
- Delebørn - se særlige regler  
Andre familiemedlemmer:
- Hjemmeboende børns samlever/ægtefælle, når denne person er tilmeldt folkeregisteret på medlems helårsadresse 
- Børnebørn
- Vores medlems, samlevers eller ægtefælles forældre
- Vores medlems, samlevers eller ægtefælles søster/bror
- Barn af søster/bror (Medlems, samlevers eller ægtefælles nevø/niece)
- Vores medlems, samlevers eller ægtefælles moster/faster, farbror/morbror
- Børn af moster/faster, farbror/morbror (Medlems, samlevers eller ægtefælles fætter/kusine)
  
- Udeboende børn under 21 år, som bor sammen med 1 eller flere kammerater uden at være i fast forhold med nogle af disse - Vi dækker kun det udeboende barn
- Ægtefælle/samlever til moster/faster, farbror/morbror - Vi dækker kun, hvis moster/faster, farbror/morbror også bor på adressen
- Ægtefælle/samlever til søster/bror - Vi dækker kun, hvis søster/bror også bor på adressen
- Bofælle, hvis bofællesskabet består af højst 2 personer  
- Vores medlem i et bofællesskab bestående af mere end 2 personer (+ samlever hvis samlever er noteret på policen)
 
Ikke dækket:
- Personer der bor til leje hos medlem se særlige regler for (Logerende)
- Udeboende børn under 21, som har stiftet egen familie
- Kammerater som udeboende børn bor sammen med
- Aflastningsbørn - se særlige regler for eventuel ansvarsdækning i ansvarsskadehåndbogen"
Simpelt tyveri af både mv. låst fast til et fast punkt.aspx;IndboManual;;Vilkårenes afsnit 4. Simpelt tyveri - Generelt;;
Simpelt tyveri af indbogenstande når sommerhus er ubeboet.aspx;IndboManual;;Sommerhusforsikringen;;
Simpelt tyveri eller glemt, tabt, forlagt.aspx;IndboManual;;Vilkårenes afsnit 4. Simpelt tyveri - Generelt;;
Simpelt tyveri fra udlånt bolig - boligbyt - Airbnb.aspx;IndboManual;;Vilkårenes afsnit 4. Simpelt tyveri - Generelt;;
Skabeloner.aspx;IndboManual;;Vilkårenes afsnit 1.F. Hvilke ting dækker forsikringen skader på;;
Skade forvoldt af flyvende trampoliner.aspx;IndboManual;;Vilkårenes afsnit 10. Storm - voldsomt sky- og tøbrud - snetryk;;
Skade forvoldt af optøede varer.aspx;IndboManual;;Vilkårenes afsnit 12. Køle- og dybfrostskade;;
Skade forvoldt af ukendte og uforsikrede hunde.aspx;IndboManual;;Erstatningsopgørelse;;
Skade på cykel - Tyveri eller hærværk.aspx;IndboManual;;Vilkårenes afsnit 4. Simpelt tyveri - Generelt;;
Skadeadvis.aspx;IndboManual;;Diverse;;
Skadearter, statistikkoder og omfangskoder.aspx;IndboManual;;Diverse;;
Skadehåndbøger.aspx;IndboManual;;Forretningsgang;;
Skadeinfo - F2 forkortelser.aspx;IndboManual;;Forretningsgang;;
Skader på private film - og båndoptagelser, it-programmer eller elektroniske lagringsmedier.aspx;IndboManual;;Erstatningsopgørelse;;
Skader sket under flytning.aspx;IndboManual;;Vilkårenes afsnit 18. Pludselig skade;;
Skader som skyldes dårlig emballage eller udflyden af medbragte væsker.aspx;IndboManual;;Vilkårenes afsnit 13. Rejsegods;;
Skadeservice - kasseringslister.aspx;IndboManual;;Forretningsgang;;
Skadet Iphone, når ny model er lanceret.aspx;IndboManual;;Erstatningsopgørelse;;
Skimmelsvamp.aspx;IndboManual;;Diverse;;
Skind og skindtøj.aspx;IndboManual;;Vilkårenes afsnit 1.F. Hvilke ting dækker forsikringen skader på;;
Skulpturer i haven.aspx;IndboManual;;Vilkårenes afsnit 1.F. Hvilke ting dækker forsikringen skader på;;
Skybrud.aspx;IndboManual;;Vilkårenes afsnit 10. Storm - voldsomt sky- og tøbrud - snetryk;;
Skærmbriller.aspx;IndboManual;;Vilkårenes afsnit 1.F. Hvilke ting dækker forsikringen skader på;;
Smart tv.aspx;IndboManual;;Erstatningsopgørelse;;
Smeltevand eller nedbør, hvis skaden er en umiddelbar følge af stormskaden.aspx;IndboManual;;Vilkårenes afsnit 10. Storm - voldsomt sky- og tøbrud - snetryk;;
Små el-biler.aspx;IndboManual;;Vilkårenes afsnit 1.F. Hvilke ting dækker forsikringen skader på;;
Småskader med udbetaling på under 500 kr.aspx;IndboManual;;Erstatningsopgørelse;;
Snescooter.aspx;IndboManual;;Vilkårenes afsnit 1.F. Hvilke ting dækker forsikringen skader på;;
Sodskader - tilsodning - tørkogning.aspx;IndboManual;;Vilkårenes afsnit 18. Pludselig skade;;
Software og egne data.aspx;IndboManual;;Erstatningsopgørelse;;
Solarium.aspx;IndboManual;;Vilkårenes afsnit 1.F. Hvilke ting dækker forsikringen skader på;;
Solcelleanlæg.aspx;IndboManual;;Vilkårenes afsnit 1.F. Hvilke ting dækker forsikringen skader på;;
Sp-løsøre - anvendelse ved skønsmæssig erstatning.aspx;IndboManual;;Erstatningsopgørelse;;
Sp-Regninger som ikke stemmer overens med tilbud.aspx;IndboManual;;Erstatningsopgørelse;;
Spabad.aspx;IndboManual;;Vilkårenes afsnit 20. Glas og sanitet;;
Specialskade.aspx;IndboManual;;Diverse;;
Specificeret liste over ødelagte madvarer.aspx;IndboManual;;Erstatningsopgørelse;;
Specificeret liste.aspx;IndboManual;;Vilkårenes afsnit 12. Køle- og dybfrostskade;;
Spiritus - hedvin - breezer.aspx;IndboManual;;Vilkårenes afsnit 1.F. Hvilke ting dækker forsikringen skader på;;
Spærring af bankkonti.aspx;IndboManual;;Erstatningsopgørelse;;
Startside.aspx;IndboManual;;Erstatningsopgørelse;;
Statistikkode 008 - Skader der ikke er dækning for.aspx;IndboManual;;Diverse;;
Statistikkode 300 - Redning og bevaring.aspx;IndboManual;;Forretningsgang;;
Statistikkode 300 og 400 - Redning og bevaring.aspx;IndboManual;;Diverse;;
Statistikkoder - Hvilken statistikkode skal bruges.aspx;IndboManual;;Forretningsgang;;
Stelnummer betegnelse på cykler.aspx;IndboManual;;Erstatningsopgørelse;;
Stillads og stiger.aspx;IndboManual;;Vilkårenes afsnit 1.F. Hvilke ting dækker forsikringen skader på;;
Stormflodsskader.aspx;IndboManual;;Vilkårenes afsnit 10. Storm - voldsomt sky- og tøbrud - snetryk;;
Stormskadet indbo i drivhuse.aspx;IndboManual;;Vilkårenes afsnit 10. Storm - voldsomt sky- og tøbrud - snetryk;;
Studieforsikring ekstra.aspx;IndboManual;;Diverse;;
Summer, præmier og selvrisikobeløb.aspx;IndboManual;;Erstatningsopgørelse;;
Svideskader - stjernekastere og tændstikker.aspx;IndboManual;;Vilkårenes afsnit 2. Brand, lynnedslag og eksplosion mv.;;"Hvis en brændende tændstik tabes eller knækker og svider nogle huller er der tale om en brandskade. Fordi der har været flammedannende ild i tændstikken/stjernekasteren. 
Det er en svideskade når gløder springer fra tændstikker og stjernekastere - og derfor skal en sådan skade afvises"
Særligt privat indbo - tilbehør til særligt privat indbo - synligt udefra.aspx;IndboManual;;Vilkårenes afsnit 1.F. Hvilke ting dækker forsikringen skader på;;
Søgning på hjemmesider.aspx;IndboManual;;Forretningsgang;;
Tablets - afskrivning.aspx;IndboManual;;Erstatningsopgørelse;;
Taksator - Bestilling af taksator på sommerhussager.aspx;IndboManual;;Den Gode Indboskadebehandler - Den Gode Indbotaksator - Taksatorhjælp;;
Taksator - Bestilling af taksator til hastesager.aspx;IndboManual;;Den Gode Indboskadebehandler - Den Gode Indbotaksator - Taksatorhjælp;;
Taksator - Freelance taksator Jesper Møller-Hansen.aspx;IndboManual;;Den Gode Indboskadebehandler - Den Gode Indbotaksator - Taksatorhjælp;;
Taksator til sagsbehandler eller taksator til taksator (a).aspx;IndboManual;SP Byg - Notater, besigtigelsesrapporter - billeder og mails;Den Gode Indboskadebehandler - Den Gode Indbotaksator;;
Taksator til sagsbehandler eller taksator til taksator (b).aspx;IndboManual;Regresskabelon;Den Gode Indboskadebehandler - Den Gode Indbotaksator;;
Taksatorsager - Bilag til erstatningsopgørelsen – Hvor finder man dem.aspx;IndboManual;;Indbotaksator;;
Taksatorsager - Erstatningsopgørelse.aspx;IndboManual;;Indbotaksator;;
Taksatorsager - Generel dokumentation – Hvad er lagt til grund og hvor skal dette noteres.aspx;IndboManual;;Indbotaksator;;
Taksatorsager - Rregressager - Hvad er vigtigt.aspx;IndboManual;;Indbotaksator;;
Taksatorsager og skadeservicesager.aspx;IndboManual;;Den Gode Indboskadebehandler - Den Gode Indbotaksator - Taksatorhjælp;;
Takseringsfaktura - Betaling af takseringsfaktura.aspx;IndboManual;;Forretningsgang;;
Telefonnummer - Direkte telefonnummer til Bygning- og Indboskade.aspx;IndboManual;;Diverse;;
Tilbehør til motorkøretøjer.aspx;IndboManual;;Vilkårenes afsnit 1.F. Hvilke ting dækker forsikringen skader på;;
Tilbud - Pris på reparation.aspx;IndboManual;;Erstatningsopgørelse;;
Tilbud eller overslag.aspx;IndboManual;;Erstatningsopgørelse;;
Tilfældig afbrydelse af strømmen.aspx;IndboManual;;Vilkårenes afsnit 12. Køle- og dybfrostskade;;
Tilsvarende ting - elektroniske ting.aspx;IndboManual;;Erstatningsopgørelse;;
Ting der bortkommer.aspx;IndboManual;;Vilkårenes afsnit 19. El-skade og elektronikdækning;;
Ting købt i udlandet.aspx;IndboManual;;Erstatningsopgørelse;;
Ting som er sat til salg - Varer i kommission.aspx;IndboManual;;Vilkårenes afsnit 1.C. Hvor dækker forsikringen;;Genstanden er ikke omfattet af medlems indboforsikring efter de første 2 måneder
Tingskader forvoldt af ukendte eller uforsikrede søfartøjer under 15 meter.aspx;IndboManual;;Erstatningsopgørelse;;
Tolkebistand.aspx;IndboManual;;Erstatningsopgørelse;;
Topdesk - Kontakt til Sericedesk - IT via Topdesk.aspx;IndboManual;;Diverse;;
Tricktyveri på forsikringsstedet.aspx;IndboManual;;Vilkårenes afsnit 3. Indbrudstyveri;;Der er dækning for tricktyveri, når det finder sted på forsikringsstedet. Dækningen er den samme som ved indbrudstyveri.
Tyveri af arbejdsredskaber i container.aspx;IndboManual;;Vilkårenes afsnit 3. Indbrudstyveri;;En container kan ikke anses for en bygning. Derfor kan tyveri fra containere ikke anerkendes som indbrudstyveri
Tyveri af genstande, som andre holder øje med.aspx;IndboManual;;Vilkårenes afsnit 4. Simpelt tyveri - Generelt;;
Tyveri begået af dyr.aspx;IndboManual;;Vilkårenes afsnit 18. Pludselig skade;;
Tyveri begået af håndværkere.aspx;IndboManual;;Vilkårenes afsnit 3. Indbrudstyveri;;
Tyveri begået af medhjælp.aspx;IndboManual;;Vilkårenes afsnit 4. Simpelt tyveri - Generelt;;
Tyveri fra autocamper.aspx;IndboManual;;Vilkårenes afsnit 5. Simpelt tyveri - Bil mv.;;
Tyveri fra beboelsesvogn, campingvogn, når medlem er tilstede.aspx;IndboManual;;Vilkårenes afsnit 5. Simpelt tyveri - Bil mv.;;
Tyveri fra bil - Hundebeslag.aspx;IndboManual;;Vilkårenes afsnit 5. Simpelt tyveri - Bil mv.;;
Tyveri fra bil - Medlem mener at være blevet bedøvet.aspx;IndboManual;;Vilkårenes afsnit 5. Simpelt tyveri - Bil mv.;;
Tyveri fra bil i parkeringskældre.aspx;IndboManual;;Vilkårenes afsnit 5. Simpelt tyveri - Bil mv.;;
Tyveri fra bil med rette bilnøgle.aspx;IndboManual;;Vilkårenes afsnit 5. Simpelt tyveri - Bil mv.;;
Tyveri fra bus eller bil sket under af- og pålæsning.aspx;IndboManual;;Vilkårenes afsnit 5. Simpelt tyveri - Bil mv.;;
Tyveri fra fastmonteret boks på hotelværelse - voldeligt opbrud.aspx;IndboManual;;Vilkårenes afsnit 3. Indbrudstyveri;;Vi dækker som indbrudstyveri fra fastmonteret boks på hotelværelse, når der kan konstateres voldeligt opbrud til boksen - og der ikke sker voldeligt opbrud til hotelværelset
Tyveri fra faststående mobilhomes.aspx;IndboManual;;Vilkårenes afsnit 3. Indbrudstyveri;;
Tyveri fra garderobe - af garderobebevis.aspx;IndboManual;;Vilkårenes afsnit 4. Simpelt tyveri - Generelt;;
Tyveri fra loft- og kælderrum.aspx;IndboManual;;Vilkårenes afsnit 4. Simpelt tyveri - Generelt;;
Tyveri fra plejehjem.aspx;IndboManual;;Vilkårenes afsnit 4. Simpelt tyveri - Generelt;;
Tyveri fra telt.aspx;IndboManual;;Vilkårenes afsnit 5. Simpelt tyveri - Bil mv.;;
Tyveri fra trailere.aspx;IndboManual;;Vilkårenes afsnit 4. Simpelt tyveri - Generelt;;
Tyveri fra uaflåst bil i låst bygning.aspx;IndboManual;;Vilkårenes afsnit 5. Simpelt tyveri - Bil mv.;;
Tyveri med nøgle fra nøgleboks.aspx;IndboManual;;Vilkårenes afsnit 3. Indbrudstyveri;;Hos ældre mennesker med behov for hjælp betragtes det som indbrudstyveri, hvis nøgleboksen er brudt op og nøglen er fjernet
Tyveri under cykeltur og fra jakker og bukser.aspx;IndboManual;;Vilkårenes afsnit 4. Simpelt tyveri - Generelt;;
Tyveri under postforsendelse.aspx;IndboManual;;Vilkårenes afsnit 4. Simpelt tyveri - Generelt;;
Tyveri ved brug af nøgle fundet på forsikringsstedet.aspx;IndboManual;;Vilkårenes afsnit 3. Indbrudstyveri;;Når medlem anbringer nøgler udenfor huset, som tyven finder og bruger til at komme ind i huset med, skal det vurderes, om huset har været forsvarligt aflåst
Tyveri ved brug af udleveret nøgle.aspx;IndboManual;;Vilkårenes afsnit 3. Indbrudstyveri;;
Tyveri, hvor gerningstidspunktet strækker sig over flere måneder.aspx;IndboManual;;Vilkårenes afsnit 4. Simpelt tyveri - Generelt;;
Tyveri, når gerningstidspunktet strækker sig over flere måneder.aspx;IndboManual;;Vilkårenes afsnit 3. Indbrudstyveri;;Indbrudstyveri er ikke sandsynliggjort når der eksisterer usikkerhed om, hvornår og hvorledes genstande er fjernet fra medlems bolig
Tyverialarm.aspx;IndboManual;;Vilkårenes afsnit 1.F. Hvilke ting dækker forsikringen skader på;;
Tøbrud.aspx;IndboManual;;Vilkårenes afsnit 10. Storm - voldsomt sky- og tøbrud - snetryk;;
Udbetaling af erstatning ved samlivsophør - skilsmisse - udeboende børn - Dødsfald (Boet efter).aspx;IndboManual;;Erstatningsopgørelse;;
Udeboende børn, der midlertidig bor hos medlem.aspx;IndboManual;;Vilkårenes afsnit 1.B. Hvem dækker forsikringen;;Udeboende børn, der midlertidigt bor hos medlem og ikke er tilmeldt folkeregistret på medlems adresse, er ikke dækket.
Udendørs krukker med store planter.aspx;IndboManual;;Vilkårenes afsnit 1.F. Hvilke ting dækker forsikringen skader på;;
Udenlandske cykler - produktionsnummer - ingen stelnummer.aspx;IndboManual;;Erstatningsopgørelse;;
Udenlandske smykker.aspx;IndboManual;;Erstatningsopgørelse;;
Udlejningsdækning i sommerhusvilkårene.aspx;IndboManual;;Sommerhusforsikringen;;
Udlevering af sagsakter til politiet.aspx;IndboManual;;Forretningsgang;;
Udredningssager - svindelsager.aspx;IndboManual;;Forretningsgang;;
Udtørringsskade efter affugtning.aspx;IndboManual;;Vilkårenes afsnit 18. Pludselig skade;;
Underforsikring - hvornår gøres det gældende.aspx;IndboManual;;Erstatningsopgørelse;;
Underslæb.aspx;IndboManual;;Vilkårenes afsnit 4. Simpelt tyveri - Generelt;;
Undersøgelsesudgifter.aspx;IndboManual;;Erstatningsopgørelse;;
Undtagelsesbestemmelsen - Almindelig brug.aspx;IndboManual;;Vilkårenes afsnit 19. El-skade og elektronikdækning;;
Undtagelsesbestemmelsen - Forsikringen dækker ikke skade der er dækket eller undtaget andetsteds i forsikringen.aspx;IndboManual;;Vilkårenes afsnit 19. El-skade og elektronikdækning;;
Vandcykel.aspx;IndboManual;;Vilkårenes afsnit 1.F. Hvilke ting dækker forsikringen skader på;;
Vandskader fra beholdere under 20 liter.aspx;IndboManual;;Vilkårenes afsnit 18. Pludselig skade;;
Vare - Køb på prøve.aspx;IndboManual;;Vilkårenes afsnit 1.F. Hvilke ting dækker forsikringen skader på;;
Vask i køkken, bryggers mm.aspx;IndboManual;;Vilkårenes afsnit 20. Glas og sanitet;;
Vasketøj ødelagt ved kogning.aspx;IndboManual;;Vilkårenes afsnit 18. Pludselig skade;;
Våben og ammunition.aspx;IndboManual;;Vilkårenes afsnit 1.F. Hvilke ting dækker forsikringen skader på;;
Væggelus.aspx;IndboManual;;Vilkårenes afsnit 13. Rejsegods;;
Værdiforringelseserstatning - 50 procent regel.aspx;IndboManual;;Erstatningsopgørelse;;
Áfskrivning på wearables - fx Iwatch, virtual reality briller mm.aspx;IndboManual;;Erstatningsopgørelse;;
Ædelstene, herunder rav.aspx;IndboManual;;Vilkårenes afsnit 1.F. Hvilke ting dækker forsikringen skader på;;
Ægte tæpper.aspx;IndboManual;;Vilkårenes afsnit 1.F. Hvilke ting dækker forsikringen skader på;;
Ældre forsikringsvilkår.aspx;IndboManual;;Erstatningsopgørelse;;
Ændret forklaring.aspx;IndboManual;;Diverse;;
Æresmedlemmer.aspx;IndboManual;;Erstatningsopgørelse;;
